Date,Indicator,Value,Market_Sentiment
2025-09-01,Interest_Rate,0.05,0.35
2025-09-01,Inflation_Rate,0.03,-0.7
2025-09-01,Tech_Salary_Index,99.379,0.96
2025-09-01,Material_Cost_Index,99.1695,0.13
2025-09-02,Interest_Rate,0.05,0.72
2025-09-02,Inflation_Rate,0.03,0.35
2025-09-02,Tech_Salary_Index,99.5201,-0.35
2025-09-02,Material_Cost_Index,99.4344,-0.42
2025-09-03,Interest_Rate,0.05,-0.96
2025-09-03,Inflation_Rate,0.03,-0.75
2025-09-03,Tech_Salary_Index,99.0839,0.66
2025-09-03,Material_Cost_Index,98.6176,0.48
2025-09-04,Interest_Rate,0.05,-0.77
2025-09-04,Inflation_Rate,0.03,0.9
2025-09-04,Tech_Salary_Index,100.0224,0.03
2025-09-04,Material_Cost_Index,98.4974,-0.75
2025-09-05,Interest_Rate,0.05,-0.65
2025-09-05,Inflation_Rate,0.03,-0.71
2025-09-05,Tech_Salary_Index,100.527,0.57
2025-09-05,Material_Cost_Index,98.4386,0.58
2025-09-06,Interest_Rate,0.05,0.37
2025-09-06,Inflation_Rate,0.03,0.78
2025-09-06,Tech_Salary_Index,101.0022,0.18
2025-09-06,Material_Cost_Index,98.7056,-0.81
2025-09-07,Interest_Rate,0.05,-0.4
2025-09-07,Inflation_Rate,0.03,-0.39
2025-09-07,Tech_Salary_Index,101.1807,0.33
2025-09-07,Material_Cost_Index,98.2387,0.96
2025-09-08,Interest_Rate,0.05,0.05
2025-09-08,Inflation_Rate,0.03,-0.66
2025-09-08,Tech_Salary_Index,100.7379,-0.52
2025-09-08,Material_Cost_Index,98.0884,-0.73
2025-09-09,Interest_Rate,0.05,0.11
2025-09-09,Inflation_Rate,0.03,-0.01
2025-09-09,Tech_Salary_Index,100.8492,0.05
2025-09-09,Material_Cost_Index,98.4159,0.94
2025-09-10,Interest_Rate,0.05,-0.96
2025-09-10,Inflation_Rate,0.03,0.39
2025-09-10,Tech_Salary_Index,100.11,-0.76
2025-09-10,Material_Cost_Index,97.7746,0.9
2025-09-11,Interest_Rate,0.05,-0.52
2025-09-11,Inflation_Rate,0.03,-1.0
2025-09-11,Tech_Salary_Index,99.8759,-0.23
2025-09-11,Material_Cost_Index,97.5312,0.07
2025-09-12,Interest_Rate,0.05,0.06
2025-09-12,Inflation_Rate,0.03,0.83
2025-09-12,Tech_Salary_Index,100.6275,-0.01
2025-09-12,Material_Cost_Index,97.6569,-0.56
2025-09-13,Interest_Rate,0.05,0.63
2025-09-13,Inflation_Rate,0.03,0.26
2025-09-13,Tech_Salary_Index,101.601,-0.02
2025-09-13,Material_Cost_Index,97.3315,0.33
2025-09-14,Interest_Rate,0.05,-0.55
2025-09-14,Inflation_Rate,0.03,-0.63
2025-09-14,Tech_Salary_Index,100.9952,0.3
2025-09-14,Material_Cost_Index,97.6369,0.85
2025-09-15,Interest_Rate,0.05,-0.62
2025-09-15,Inflation_Rate,0.03,-0.3
2025-09-15,Tech_Salary_Index,101.0029,0.37
2025-09-15,Material_Cost_Index,98.3276,0.73
2025-09-16,Interest_Rate,0.0499,0.54
2025-09-16,Inflation_Rate,0.03,-0.19
2025-09-16,Tech_Salary_Index,101.4772,0.31
2025-09-16,Material_Cost_Index,98.6162,0.09
2025-09-17,Interest_Rate,0.0499,0.8
2025-09-17,Inflation_Rate,0.03,0.34
2025-09-17,Tech_Salary_Index,100.3871,0.49
2025-09-17,Material_Cost_Index,98.8037,-0.3
2025-09-18,Interest_Rate,0.0499,0.21
2025-09-18,Inflation_Rate,0.03,0.39
2025-09-18,Tech_Salary_Index,99.8775,-0.55
2025-09-18,Material_Cost_Index,98.779,0.29
2025-09-19,Interest_Rate,0.0499,-0.22
2025-09-19,Inflation_Rate,0.03,0.79
2025-09-19,Tech_Salary_Index,100.2611,0.07
2025-09-19,Material_Cost_Index,99.4939,0.38
2025-09-20,Interest_Rate,0.05,0.86
2025-09-20,Inflation_Rate,0.03,0.55
2025-09-20,Tech_Salary_Index,99.9319,0.93
2025-09-20,Material_Cost_Index,100.8056,-0.21
2025-09-21,Interest_Rate,0.05,0.12
2025-09-21,Inflation_Rate,0.03,-0.79
2025-09-21,Tech_Salary_Index,100.1164,-0.95
2025-09-21,Material_Cost_Index,100.7304,0.0
2025-09-22,Interest_Rate,0.05,-0.5
2025-09-22,Inflation_Rate,0.03,0.57
2025-09-22,Tech_Salary_Index,99.3311,-0.45
2025-09-22,Material_Cost_Index,101.6219,0.9
2025-09-23,Interest_Rate,0.05,0.49
2025-09-23,Inflation_Rate,0.03,0.54
2025-09-23,Tech_Salary_Index,99.1407,-0.76
2025-09-23,Material_Cost_Index,102.0766,-0.92
2025-09-24,Interest_Rate,0.05,-0.2
2025-09-24,Inflation_Rate,0.03,-0.9
2025-09-24,Tech_Salary_Index,99.354,-0.82
2025-09-24,Material_Cost_Index,101.8045,0.46
2025-09-25,Interest_Rate,0.05,0.72
2025-09-25,Inflation_Rate,0.03,0.42
2025-09-25,Tech_Salary_Index,99.7733,-0.56
2025-09-25,Material_Cost_Index,101.7388,-0.59
2025-09-26,Interest_Rate,0.05,0.8
2025-09-26,Inflation_Rate,0.03,0.63
2025-09-26,Tech_Salary_Index,100.4191,-0.62
2025-09-26,Material_Cost_Index,101.6236,0.53
2025-09-27,Interest_Rate,0.05,-0.82
2025-09-27,Inflation_Rate,0.03,-0.38
2025-09-27,Tech_Salary_Index,100.7585,-0.17
2025-09-27,Material_Cost_Index,101.5772,-0.91
2025-09-28,Interest_Rate,0.05,0.16
2025-09-28,Inflation_Rate,0.03,0.18
2025-09-28,Tech_Salary_Index,101.301,0.88
2025-09-28,Material_Cost_Index,101.1352,-0.49
2025-09-29,Interest_Rate,0.05,-0.67
2025-09-29,Inflation_Rate,0.03,-0.72
2025-09-29,Tech_Salary_Index,101.7007,0.55
2025-09-29,Material_Cost_Index,100.4006,0.63
2025-09-30,Interest_Rate,0.05,-0.63
2025-09-30,Inflation_Rate,0.03,0.08
2025-09-30,Tech_Salary_Index,102.1956,0.61
2025-09-30,Material_Cost_Index,100.6011,-0.86
2025-10-01,Interest_Rate,0.05,-0.94
2025-10-01,Inflation_Rate,0.03,-0.69
2025-10-01,Tech_Salary_Index,101.8672,0.99
2025-10-01,Material_Cost_Index,100.4406,0.98
2025-10-02,Interest_Rate,0.0501,0.26
2025-10-02,Inflation_Rate,0.03,0.46
2025-10-02,Tech_Salary_Index,102.1691,0.46
2025-10-02,Material_Cost_Index,100.0146,0.25
2025-10-03,Interest_Rate,0.05,-0.53
2025-10-03,Inflation_Rate,0.03,0.14
2025-10-03,Tech_Salary_Index,101.8125,0.71
2025-10-03,Material_Cost_Index,99.9159,-0.83
2025-10-04,Interest_Rate,0.05,-0.24
2025-10-04,Inflation_Rate,0.03,0.03
2025-10-04,Tech_Salary_Index,101.7092,-0.36
2025-10-04,Material_Cost_Index,100.0227,0.36
2025-10-05,Interest_Rate,0.05,-0.8
2025-10-05,Inflation_Rate,0.03,0.97
2025-10-05,Tech_Salary_Index,100.9883,0.17
2025-10-05,Material_Cost_Index,99.759,-0.29
2025-10-06,Interest_Rate,0.05,0.73
2025-10-06,Inflation_Rate,0.03,0.99
2025-10-06,Tech_Salary_Index,101.0936,0.45
2025-10-06,Material_Cost_Index,100.3025,-0.27
2025-10-07,Interest_Rate,0.05,-0.88
2025-10-07,Inflation_Rate,0.03,0.35
2025-10-07,Tech_Salary_Index,100.8093,0.12
2025-10-07,Material_Cost_Index,99.7356,0.45
2025-10-08,Interest_Rate,0.05,0.01
2025-10-08,Inflation_Rate,0.03,0.94
2025-10-08,Tech_Salary_Index,101.0239,0.5
2025-10-08,Material_Cost_Index,100.1137,-0.44
2025-10-09,Interest_Rate,0.05,-0.03
2025-10-09,Inflation_Rate,0.03,0.98
2025-10-09,Tech_Salary_Index,100.2957,-0.56
2025-10-09,Material_Cost_Index,99.9863,0.03
2025-10-10,Interest_Rate,0.05,-0.29
2025-10-10,Inflation_Rate,0.03,-0.3
2025-10-10,Tech_Salary_Index,100.14,-0.19
2025-10-10,Material_Cost_Index,99.407,0.7
2025-10-11,Interest_Rate,0.05,0.9
2025-10-11,Inflation_Rate,0.03,0.01
2025-10-11,Tech_Salary_Index,100.0876,-0.49
2025-10-11,Material_Cost_Index,99.4119,0.94
2025-10-12,Interest_Rate,0.05,-0.65
2025-10-12,Inflation_Rate,0.03,0.24
2025-10-12,Tech_Salary_Index,100.5109,0.18
2025-10-12,Material_Cost_Index,99.362,-0.2
2025-10-13,Interest_Rate,0.05,0.89
2025-10-13,Inflation_Rate,0.03,-0.38
2025-10-13,Tech_Salary_Index,101.0084,0.98
2025-10-13,Material_Cost_Index,99.3895,0.44
2025-10-14,Interest_Rate,0.05,0.38
2025-10-14,Inflation_Rate,0.03,-0.13
2025-10-14,Tech_Salary_Index,101.6482,-0.57
2025-10-14,Material_Cost_Index,99.5768,0.87
2025-10-15,Interest_Rate,0.05,-0.85
2025-10-15,Inflation_Rate,0.03,-0.48
2025-10-15,Tech_Salary_Index,101.0594,-0.03
2025-10-15,Material_Cost_Index,99.7765,-0.49
2025-10-16,Interest_Rate,0.05,-0.07
2025-10-16,Inflation_Rate,0.03,-0.33
2025-10-16,Tech_Salary_Index,100.6833,0.03
2025-10-16,Material_Cost_Index,100.4805,0.33
2025-10-17,Interest_Rate,0.05,-0.46
2025-10-17,Inflation_Rate,0.03,-0.38
2025-10-17,Tech_Salary_Index,100.7863,0.45
2025-10-17,Material_Cost_Index,100.4456,0.69
2025-10-18,Interest_Rate,0.05,-0.66
2025-10-18,Inflation_Rate,0.03,-0.08
2025-10-18,Tech_Salary_Index,101.0469,-0.76
2025-10-18,Material_Cost_Index,99.9814,0.42
2025-10-19,Interest_Rate,0.05,0.34
2025-10-19,Inflation_Rate,0.03,0.26
2025-10-19,Tech_Salary_Index,101.3995,-0.26
2025-10-19,Material_Cost_Index,100.2101,-0.58
2025-10-20,Interest_Rate,0.05,0.02
2025-10-20,Inflation_Rate,0.03,0.62
2025-10-20,Tech_Salary_Index,101.4514,-0.26
2025-10-20,Material_Cost_Index,100.6581,-0.33
2025-10-21,Interest_Rate,0.05,-0.35
2025-10-21,Inflation_Rate,0.03,-0.17
2025-10-21,Tech_Salary_Index,100.8438,-0.92
2025-10-21,Material_Cost_Index,100.6086,-0.92
2025-10-22,Interest_Rate,0.05,0.05
2025-10-22,Inflation_Rate,0.03,0.48
2025-10-22,Tech_Salary_Index,101.123,-0.77
2025-10-22,Material_Cost_Index,100.7463,0.35
2025-10-23,Interest_Rate,0.05,-0.6
2025-10-23,Inflation_Rate,0.03,0.7
2025-10-23,Tech_Salary_Index,101.2203,0.12
2025-10-23,Material_Cost_Index,101.0191,-0.99
2025-10-24,Interest_Rate,0.05,-0.97
2025-10-24,Inflation_Rate,0.03,0.66
2025-10-24,Tech_Salary_Index,101.0628,-0.43
2025-10-24,Material_Cost_Index,100.2966,-0.04
2025-10-25,Interest_Rate,0.05,0.27
2025-10-25,Inflation_Rate,0.03,-0.93
2025-10-25,Tech_Salary_Index,101.493,0.83
2025-10-25,Material_Cost_Index,100.361,0.61
2025-10-26,Interest_Rate,0.05,-0.82
2025-10-26,Inflation_Rate,0.03,-0.52
2025-10-26,Tech_Salary_Index,101.4649,-0.51
2025-10-26,Material_Cost_Index,101.2451,-0.97
2025-10-27,Interest_Rate,0.05,0.6
2025-10-27,Inflation_Rate,0.03,0.96
2025-10-27,Tech_Salary_Index,101.248,0.2
2025-10-27,Material_Cost_Index,101.1618,-0.53
2025-10-28,Interest_Rate,0.05,-0.21
2025-10-28,Inflation_Rate,0.03,0.48
2025-10-28,Tech_Salary_Index,101.0839,-0.7
2025-10-28,Material_Cost_Index,100.7881,-0.44
2025-10-29,Interest_Rate,0.05,-0.29
2025-10-29,Inflation_Rate,0.0301,0.49
2025-10-29,Tech_Salary_Index,100.7242,-0.64
2025-10-29,Material_Cost_Index,100.3558,-0.59
2025-10-30,Interest_Rate,0.05,0.47
2025-10-30,Inflation_Rate,0.0301,-0.9
2025-10-30,Tech_Salary_Index,101.4522,0.0
2025-10-30,Material_Cost_Index,101.5928,-0.58
2025-10-31,Interest_Rate,0.05,0.71
2025-10-31,Inflation_Rate,0.0301,0.87
2025-10-31,Tech_Salary_Index,101.2989,-0.64
2025-10-31,Material_Cost_Index,102.2908,0.82
2025-11-01,Interest_Rate,0.0499,-0.58
2025-11-01,Inflation_Rate,0.03,-0.73
2025-11-01,Tech_Salary_Index,101.1299,0.3
2025-11-01,Material_Cost_Index,102.2556,-0.53
2025-11-02,Interest_Rate,0.05,-0.25
2025-11-02,Inflation_Rate,0.03,0.37
2025-11-02,Tech_Salary_Index,100.9158,-0.01
2025-11-02,Material_Cost_Index,102.0727,0.27
2025-11-03,Interest_Rate,0.0499,-0.37
2025-11-03,Inflation_Rate,0.03,-0.11
2025-11-03,Tech_Salary_Index,101.3231,-0.09
2025-11-03,Material_Cost_Index,102.1803,0.24
2025-11-04,Interest_Rate,0.0499,0.3
2025-11-04,Inflation_Rate,0.03,-0.63
2025-11-04,Tech_Salary_Index,100.8632,0.32
2025-11-04,Material_Cost_Index,102.4197,0.09
2025-11-05,Interest_Rate,0.0499,-0.34
2025-11-05,Inflation_Rate,0.0301,-0.34
2025-11-05,Tech_Salary_Index,101.0321,0.76
2025-11-05,Material_Cost_Index,102.679,-0.75
2025-11-06,Interest_Rate,0.0499,-0.37
2025-11-06,Inflation_Rate,0.0301,0.16
2025-11-06,Tech_Salary_Index,101.4576,0.83
2025-11-06,Material_Cost_Index,103.4219,-0.13
2025-11-07,Interest_Rate,0.0499,0.44
2025-11-07,Inflation_Rate,0.0301,-0.19
2025-11-07,Tech_Salary_Index,101.0658,0.66
2025-11-07,Material_Cost_Index,102.1219,0.98
2025-11-08,Interest_Rate,0.0499,-0.89
2025-11-08,Inflation_Rate,0.0301,0.4
2025-11-08,Tech_Salary_Index,100.8802,0.8
2025-11-08,Material_Cost_Index,101.9527,-0.38
2025-11-09,Interest_Rate,0.05,0.93
2025-11-09,Inflation_Rate,0.0301,0.4
2025-11-09,Tech_Salary_Index,100.311,-0.13
2025-11-09,Material_Cost_Index,102.0788,-0.38
2025-11-10,Interest_Rate,0.0499,0.54
2025-11-10,Inflation_Rate,0.0301,-0.53
2025-11-10,Tech_Salary_Index,99.7488,-0.58
2025-11-10,Material_Cost_Index,102.0854,-0.96
2025-11-11,Interest_Rate,0.0499,0.3
2025-11-11,Inflation_Rate,0.0301,0.72
2025-11-11,Tech_Salary_Index,99.6219,0.2
2025-11-11,Material_Cost_Index,102.3593,0.83
2025-11-12,Interest_Rate,0.0499,-0.61
2025-11-12,Inflation_Rate,0.0301,-0.81
2025-11-12,Tech_Salary_Index,99.918,-0.0
2025-11-12,Material_Cost_Index,102.364,-0.2
2025-11-13,Interest_Rate,0.0499,-0.12
2025-11-13,Inflation_Rate,0.0301,-0.2
2025-11-13,Tech_Salary_Index,99.548,0.03
2025-11-13,Material_Cost_Index,102.6426,0.84
2025-11-14,Interest_Rate,0.0499,-0.7
2025-11-14,Inflation_Rate,0.0301,0.33
2025-11-14,Tech_Salary_Index,99.3009,-0.12
2025-11-14,Material_Cost_Index,102.1437,0.39
2025-11-15,Interest_Rate,0.05,-0.31
2025-11-15,Inflation_Rate,0.0301,-0.74
2025-11-15,Tech_Salary_Index,99.8688,0.15
2025-11-15,Material_Cost_Index,101.6934,0.09
2025-11-16,Interest_Rate,0.05,-0.43
2025-11-16,Inflation_Rate,0.0301,0.35
2025-11-16,Tech_Salary_Index,99.3522,-0.74
2025-11-16,Material_Cost_Index,102.029,-0.39
2025-11-17,Interest_Rate,0.05,-0.45
2025-11-17,Inflation_Rate,0.0301,0.64
2025-11-17,Tech_Salary_Index,99.5029,-0.27
2025-11-17,Material_Cost_Index,101.8553,-0.71
2025-11-18,Interest_Rate,0.05,-0.33
2025-11-18,Inflation_Rate,0.0301,-0.3
2025-11-18,Tech_Salary_Index,99.7476,0.65
2025-11-18,Material_Cost_Index,101.1076,-0.34
2025-11-19,Interest_Rate,0.05,-0.6
2025-11-19,Inflation_Rate,0.0301,0.73
2025-11-19,Tech_Salary_Index,99.8865,-0.3
2025-11-19,Material_Cost_Index,100.8011,-0.77
2025-11-20,Interest_Rate,0.05,-0.03
2025-11-20,Inflation_Rate,0.0301,0.8
2025-11-20,Tech_Salary_Index,99.67,0.16
2025-11-20,Material_Cost_Index,100.7871,0.12
2025-11-21,Interest_Rate,0.05,0.26
2025-11-21,Inflation_Rate,0.0301,0.67
2025-11-21,Tech_Salary_Index,100.2226,0.88
2025-11-21,Material_Cost_Index,100.3247,0.78
2025-11-22,Interest_Rate,0.05,-0.59
2025-11-22,Inflation_Rate,0.0301,-0.47
2025-11-22,Tech_Salary_Index,100.8313,0.48
2025-11-22,Material_Cost_Index,100.1987,0.9
2025-11-23,Interest_Rate,0.05,0.48
2025-11-23,Inflation_Rate,0.0301,-0.11
2025-11-23,Tech_Salary_Index,101.122,-0.12
2025-11-23,Material_Cost_Index,100.7172,-0.71
2025-11-24,Interest_Rate,0.05,-0.02
2025-11-24,Inflation_Rate,0.0301,0.09
2025-11-24,Tech_Salary_Index,101.5246,0.47
2025-11-24,Material_Cost_Index,100.8368,-0.73
2025-11-25,Interest_Rate,0.05,-0.92
2025-11-25,Inflation_Rate,0.0301,0.03
2025-11-25,Tech_Salary_Index,101.3,-0.59
2025-11-25,Material_Cost_Index,101.1235,-0.85
2025-11-26,Interest_Rate,0.05,-0.24
2025-11-26,Inflation_Rate,0.0301,-0.36
2025-11-26,Tech_Salary_Index,100.1806,0.69
2025-11-26,Material_Cost_Index,100.9439,-0.54
2025-11-27,Interest_Rate,0.05,0.34
2025-11-27,Inflation_Rate,0.0301,0.05
2025-11-27,Tech_Salary_Index,99.9105,0.54
2025-11-27,Material_Cost_Index,100.311,0.3
2025-11-28,Interest_Rate,0.05,0.11
2025-11-28,Inflation_Rate,0.0301,-0.84
2025-11-28,Tech_Salary_Index,99.659,0.11
2025-11-28,Material_Cost_Index,100.4671,-0.79
2025-11-29,Interest_Rate,0.05,0.92
2025-11-29,Inflation_Rate,0.0301,-0.13
2025-11-29,Tech_Salary_Index,99.7918,0.38
2025-11-29,Material_Cost_Index,100.143,-0.37
2025-11-30,Interest_Rate,0.05,-0.15
2025-11-30,Inflation_Rate,0.0301,-0.34
2025-11-30,Tech_Salary_Index,99.303,-0.84
2025-11-30,Material_Cost_Index,100.1364,0.62
2025-12-01,Interest_Rate,0.05,0.57
2025-12-01,Inflation_Rate,0.0301,0.53
2025-12-01,Tech_Salary_Index,98.9343,-0.98
2025-12-01,Material_Cost_Index,99.8957,-0.73
2025-12-02,Interest_Rate,0.05,-0.38
2025-12-02,Inflation_Rate,0.0301,-0.37
2025-12-02,Tech_Salary_Index,98.9223,-0.68
2025-12-02,Material_Cost_Index,99.5228,-0.33
2025-12-03,Interest_Rate,0.05,-0.64
2025-12-03,Inflation_Rate,0.0301,0.79
2025-12-03,Tech_Salary_Index,98.4026,-0.13
2025-12-03,Material_Cost_Index,99.6593,-0.67
2025-12-04,Interest_Rate,0.0499,-0.14
2025-12-04,Inflation_Rate,0.0301,-0.11
2025-12-04,Tech_Salary_Index,98.6727,-0.65
2025-12-04,Material_Cost_Index,99.8351,-0.55
2025-12-05,Interest_Rate,0.05,0.57
2025-12-05,Inflation_Rate,0.0301,-0.89
2025-12-05,Tech_Salary_Index,98.364,-0.49
2025-12-05,Material_Cost_Index,100.2061,-0.32
2025-12-06,Interest_Rate,0.05,-0.2
2025-12-06,Inflation_Rate,0.0301,-0.03
2025-12-06,Tech_Salary_Index,98.7914,-0.04
2025-12-06,Material_Cost_Index,100.2974,0.48
2025-12-07,Interest_Rate,0.05,0.09
2025-12-07,Inflation_Rate,0.0301,0.16
2025-12-07,Tech_Salary_Index,99.0483,0.13
2025-12-07,Material_Cost_Index,100.4365,-0.71
2025-12-08,Interest_Rate,0.05,-0.42
2025-12-08,Inflation_Rate,0.0301,-0.67
2025-12-08,Tech_Salary_Index,99.2392,0.96
2025-12-08,Material_Cost_Index,100.2732,0.28
2025-12-09,Interest_Rate,0.05,0.45
2025-12-09,Inflation_Rate,0.0301,0.48
2025-12-09,Tech_Salary_Index,99.2059,-0.12
2025-12-09,Material_Cost_Index,100.3865,-0.39
2025-12-10,Interest_Rate,0.05,0.95
2025-12-10,Inflation_Rate,0.0301,-0.37
2025-12-10,Tech_Salary_Index,98.722,0.9
2025-12-10,Material_Cost_Index,100.4411,0.04
2025-12-11,Interest_Rate,0.05,0.24
2025-12-11,Inflation_Rate,0.0301,-0.08
2025-12-11,Tech_Salary_Index,98.9676,0.21
2025-12-11,Material_Cost_Index,101.4342,-0.81
2025-12-12,Interest_Rate,0.05,0.61
2025-12-12,Inflation_Rate,0.0301,-0.17
2025-12-12,Tech_Salary_Index,98.9325,-0.21
2025-12-12,Material_Cost_Index,101.3083,-0.71
2025-12-13,Interest_Rate,0.05,-0.05
2025-12-13,Inflation_Rate,0.0301,-0.82
2025-12-13,Tech_Salary_Index,98.5593,-0.79
2025-12-13,Material_Cost_Index,100.5115,0.66
2025-12-14,Interest_Rate,0.05,0.45
2025-12-14,Inflation_Rate,0.0301,0.29
2025-12-14,Tech_Salary_Index,98.2843,0.85
2025-12-14,Material_Cost_Index,100.5921,0.33
2025-12-15,Interest_Rate,0.05,0.93
2025-12-15,Inflation_Rate,0.0301,-0.81
2025-12-15,Tech_Salary_Index,98.4738,-0.9
2025-12-15,Material_Cost_Index,100.8302,-0.23
2025-12-16,Interest_Rate,0.05,0.9
2025-12-16,Inflation_Rate,0.0301,0.31
2025-12-16,Tech_Salary_Index,98.1077,-0.84
2025-12-16,Material_Cost_Index,101.5885,-0.6
2025-12-17,Interest_Rate,0.05,0.89
2025-12-17,Inflation_Rate,0.0301,0.67
2025-12-17,Tech_Salary_Index,97.5739,-0.14
2025-12-17,Material_Cost_Index,102.2021,0.51
2025-12-18,Interest_Rate,0.05,0.42
2025-12-18,Inflation_Rate,0.0301,0.65
2025-12-18,Tech_Salary_Index,96.9297,0.45
2025-12-18,Material_Cost_Index,102.278,0.07
2025-12-19,Interest_Rate,0.05,-0.78
2025-12-19,Inflation_Rate,0.0301,0.18
2025-12-19,Tech_Salary_Index,96.6553,-0.67
2025-12-19,Material_Cost_Index,102.4299,0.04
2025-12-20,Interest_Rate,0.05,0.57
2025-12-20,Inflation_Rate,0.0301,0.01
2025-12-20,Tech_Salary_Index,96.8701,0.42
2025-12-20,Material_Cost_Index,101.9089,-0.46
2025-12-21,Interest_Rate,0.05,-0.95
2025-12-21,Inflation_Rate,0.0301,-0.21
2025-12-21,Tech_Salary_Index,97.8535,-0.94
2025-12-21,Material_Cost_Index,101.0657,-0.41
2025-12-22,Interest_Rate,0.05,-0.42
2025-12-22,Inflation_Rate,0.0301,-0.92
2025-12-22,Tech_Salary_Index,97.8568,-0.55
2025-12-22,Material_Cost_Index,100.4999,-0.06
2025-12-23,Interest_Rate,0.05,0.87
2025-12-23,Inflation_Rate,0.0301,-0.34
2025-12-23,Tech_Salary_Index,97.5882,-0.02
2025-12-23,Material_Cost_Index,99.7142,0.84
2025-12-24,Interest_Rate,0.05,0.3
2025-12-24,Inflation_Rate,0.0301,0.09
2025-12-24,Tech_Salary_Index,97.4984,0.21
2025-12-24,Material_Cost_Index,99.7164,-0.81
2025-12-25,Interest_Rate,0.05,-0.44
2025-12-25,Inflation_Rate,0.0301,0.42
2025-12-25,Tech_Salary_Index,97.9071,-0.17
2025-12-25,Material_Cost_Index,99.5009,0.89
2025-12-26,Interest_Rate,0.05,0.39
2025-12-26,Inflation_Rate,0.0301,-0.08
2025-12-26,Tech_Salary_Index,97.553,0.53
2025-12-26,Material_Cost_Index,99.3192,-0.67
2025-12-27,Interest_Rate,0.05,-0.8
2025-12-27,Inflation_Rate,0.0301,0.84
2025-12-27,Tech_Salary_Index,96.9971,-0.26
2025-12-27,Material_Cost_Index,99.4486,0.98
2025-12-28,Interest_Rate,0.05,-0.76
2025-12-28,Inflation_Rate,0.0301,0.84
2025-12-28,Tech_Salary_Index,96.4631,0.9
2025-12-28,Material_Cost_Index,99.2007,-0.56
2025-12-29,Interest_Rate,0.05,-0.94
2025-12-29,Inflation_Rate,0.0301,-0.06
2025-12-29,Tech_Salary_Index,96.7586,0.36
2025-12-29,Material_Cost_Index,99.5054,-0.7
2025-12-30,Interest_Rate,0.05,0.01
2025-12-30,Inflation_Rate,0.0301,-0.12
2025-12-30,Tech_Salary_Index,97.3649,-0.84
2025-12-30,Material_Cost_Index,99.4989,-0.09
2025-12-31,Interest_Rate,0.05,0.14
2025-12-31,Inflation_Rate,0.0301,-0.32
2025-12-31,Tech_Salary_Index,97.5181,-0.99
2025-12-31,Material_Cost_Index,99.6486,0.28
2026-01-01,Interest_Rate,0.05,0.54
2026-01-01,Inflation_Rate,0.0301,-0.7
2026-01-01,Tech_Salary_Index,97.6255,-0.28
2026-01-01,Material_Cost_Index,99.7625,0.34
2026-01-02,Interest_Rate,0.05,0.09
2026-01-02,Inflation_Rate,0.0301,-0.82
2026-01-02,Tech_Salary_Index,98.2575,0.93
2026-01-02,Material_Cost_Index,99.4852,0.24
2026-01-03,Interest_Rate,0.05,-0.31
2026-01-03,Inflation_Rate,0.0301,0.27
2026-01-03,Tech_Salary_Index,98.274,0.16
2026-01-03,Material_Cost_Index,99.9731,-0.26
2026-01-04,Interest_Rate,0.05,-0.82
2026-01-04,Inflation_Rate,0.0301,-0.33
2026-01-04,Tech_Salary_Index,97.5979,-0.17
2026-01-04,Material_Cost_Index,100.2738,0.55
2026-01-05,Interest_Rate,0.05,-0.18
2026-01-05,Inflation_Rate,0.0301,0.9
2026-01-05,Tech_Salary_Index,97.4927,0.1
2026-01-05,Material_Cost_Index,100.027,0.38
2026-01-06,Interest_Rate,0.05,1.0
2026-01-06,Inflation_Rate,0.0301,0.75
2026-01-06,Tech_Salary_Index,97.0927,-0.47
2026-01-06,Material_Cost_Index,100.0566,0.47
2026-01-07,Interest_Rate,0.05,-0.23
2026-01-07,Inflation_Rate,0.0301,0.85
2026-01-07,Tech_Salary_Index,96.5689,0.93
2026-01-07,Material_Cost_Index,100.7702,-0.76
2026-01-08,Interest_Rate,0.05,0.45
2026-01-08,Inflation_Rate,0.0301,0.32
2026-01-08,Tech_Salary_Index,97.4861,0.72
2026-01-08,Material_Cost_Index,100.3302,-0.7
2026-01-09,Interest_Rate,0.05,-0.25
2026-01-09,Inflation_Rate,0.0301,0.96
2026-01-09,Tech_Salary_Index,97.2853,0.81
2026-01-09,Material_Cost_Index,100.5746,-0.63
2026-01-10,Interest_Rate,0.05,0.68
2026-01-10,Inflation_Rate,0.0301,0.02
2026-01-10,Tech_Salary_Index,97.8315,0.38
2026-01-10,Material_Cost_Index,100.7613,-0.32
2026-01-11,Interest_Rate,0.05,0.33
2026-01-11,Inflation_Rate,0.0301,-0.06
2026-01-11,Tech_Salary_Index,98.8263,0.25
2026-01-11,Material_Cost_Index,101.4084,0.18
2026-01-12,Interest_Rate,0.0501,-0.62
2026-01-12,Inflation_Rate,0.0301,0.22
2026-01-12,Tech_Salary_Index,98.2446,0.82
2026-01-12,Material_Cost_Index,100.6738,-0.68
2026-01-13,Interest_Rate,0.05,-0.13
2026-01-13,Inflation_Rate,0.0301,0.49
2026-01-13,Tech_Salary_Index,98.8655,0.56
2026-01-13,Material_Cost_Index,100.9927,-0.15
2026-01-14,Interest_Rate,0.05,0.34
2026-01-14,Inflation_Rate,0.0301,0.81
2026-01-14,Tech_Salary_Index,98.3274,-0.4
2026-01-14,Material_Cost_Index,101.3296,-1.0
2026-01-15,Interest_Rate,0.05,0.77
2026-01-15,Inflation_Rate,0.0301,-0.36
2026-01-15,Tech_Salary_Index,97.9442,-0.76
2026-01-15,Material_Cost_Index,100.3975,0.11
2026-01-16,Interest_Rate,0.05,-0.01
2026-01-16,Inflation_Rate,0.0301,0.65
2026-01-16,Tech_Salary_Index,98.0315,-0.84
2026-01-16,Material_Cost_Index,101.1241,0.59
2026-01-17,Interest_Rate,0.05,0.33
2026-01-17,Inflation_Rate,0.0301,0.04
2026-01-17,Tech_Salary_Index,98.5232,0.05
2026-01-17,Material_Cost_Index,100.309,0.62
2026-01-18,Interest_Rate,0.05,-0.5
2026-01-18,Inflation_Rate,0.0301,-0.01
2026-01-18,Tech_Salary_Index,98.5495,-0.5
2026-01-18,Material_Cost_Index,99.5322,-0.45
2026-01-19,Interest_Rate,0.05,0.33
2026-01-19,Inflation_Rate,0.0301,0.59
2026-01-19,Tech_Salary_Index,97.5674,-0.1
2026-01-19,Material_Cost_Index,99.844,-0.46
2026-01-20,Interest_Rate,0.05,0.56
2026-01-20,Inflation_Rate,0.0301,-0.94
2026-01-20,Tech_Salary_Index,98.0826,-0.19
2026-01-20,Material_Cost_Index,100.1764,-0.06
2026-01-21,Interest_Rate,0.05,-0.14
2026-01-21,Inflation_Rate,0.0301,-0.59
2026-01-21,Tech_Salary_Index,97.8307,0.72
2026-01-21,Material_Cost_Index,101.2229,0.48
2026-01-22,Interest_Rate,0.05,0.5
2026-01-22,Inflation_Rate,0.0301,0.11
2026-01-22,Tech_Salary_Index,97.1993,-0.79
2026-01-22,Material_Cost_Index,101.303,-0.58
2026-01-23,Interest_Rate,0.05,-0.71
2026-01-23,Inflation_Rate,0.0301,-0.19
2026-01-23,Tech_Salary_Index,96.9279,0.89
2026-01-23,Material_Cost_Index,102.1162,-0.97
2026-01-24,Interest_Rate,0.05,-0.58
2026-01-24,Inflation_Rate,0.0301,-0.27
2026-01-24,Tech_Salary_Index,96.5809,-0.58
2026-01-24,Material_Cost_Index,102.6943,-0.6
2026-01-25,Interest_Rate,0.05,-0.86
2026-01-25,Inflation_Rate,0.0301,-0.32
2026-01-25,Tech_Salary_Index,96.7627,-0.96
2026-01-25,Material_Cost_Index,102.8858,-0.31
2026-01-26,Interest_Rate,0.05,-0.52
2026-01-26,Inflation_Rate,0.0301,-0.35
2026-01-26,Tech_Salary_Index,97.0296,0.61
2026-01-26,Material_Cost_Index,103.1994,0.85
2026-01-27,Interest_Rate,0.05,-0.58
2026-01-27,Inflation_Rate,0.0301,0.25
2026-01-27,Tech_Salary_Index,96.7216,0.04
2026-01-27,Material_Cost_Index,104.1009,0.37
2026-01-28,Interest_Rate,0.05,-0.17
2026-01-28,Inflation_Rate,0.0301,-0.01
2026-01-28,Tech_Salary_Index,96.742,0.7
2026-01-28,Material_Cost_Index,103.9065,-0.82
2026-01-29,Interest_Rate,0.05,0.69
2026-01-29,Inflation_Rate,0.0301,0.29
2026-01-29,Tech_Salary_Index,96.4756,-0.11
2026-01-29,Material_Cost_Index,103.6728,0.6
2026-01-30,Interest_Rate,0.05,0.18
2026-01-30,Inflation_Rate,0.0301,-0.87
2026-01-30,Tech_Salary_Index,96.592,0.5
2026-01-30,Material_Cost_Index,102.7167,-0.62
2026-01-31,Interest_Rate,0.05,-0.14
2026-01-31,Inflation_Rate,0.0301,0.43
2026-01-31,Tech_Salary_Index,96.2525,0.76
2026-01-31,Material_Cost_Index,103.1288,-0.09
2026-02-01,Interest_Rate,0.05,0.57
2026-02-01,Inflation_Rate,0.0301,-0.84
2026-02-01,Tech_Salary_Index,96.3295,0.06
2026-02-01,Material_Cost_Index,102.9329,-0.76
2026-02-02,Interest_Rate,0.05,0.4
2026-02-02,Inflation_Rate,0.0301,-0.65
2026-02-02,Tech_Salary_Index,97.0454,0.71
2026-02-02,Material_Cost_Index,102.4828,-0.67
2026-02-03,Interest_Rate,0.05,-0.8
2026-02-03,Inflation_Rate,0.0301,-0.6
2026-02-03,Tech_Salary_Index,97.7623,-0.17
2026-02-03,Material_Cost_Index,102.6037,-0.58
2026-02-04,Interest_Rate,0.05,0.94
2026-02-04,Inflation_Rate,0.0301,-0.12
2026-02-04,Tech_Salary_Index,98.3374,0.29
2026-02-04,Material_Cost_Index,103.0461,0.67
2026-02-05,Interest_Rate,0.05,0.71
2026-02-05,Inflation_Rate,0.0301,-0.81
2026-02-05,Tech_Salary_Index,97.8622,-0.73
2026-02-05,Material_Cost_Index,103.3122,-0.71
2026-02-06,Interest_Rate,0.05,0.73
2026-02-06,Inflation_Rate,0.0301,0.89
2026-02-06,Tech_Salary_Index,97.9145,0.4
2026-02-06,Material_Cost_Index,103.0689,-0.56
2026-02-07,Interest_Rate,0.05,-0.59
2026-02-07,Inflation_Rate,0.0301,-0.1
2026-02-07,Tech_Salary_Index,97.9813,-0.87
2026-02-07,Material_Cost_Index,102.7786,0.62
2026-02-08,Interest_Rate,0.05,0.14
2026-02-08,Inflation_Rate,0.0301,-0.2
2026-02-08,Tech_Salary_Index,98.2619,-0.56
2026-02-08,Material_Cost_Index,102.1537,0.0
2026-02-09,Interest_Rate,0.05,-0.47
2026-02-09,Inflation_Rate,0.0301,0.53
2026-02-09,Tech_Salary_Index,98.4679,0.98
2026-02-09,Material_Cost_Index,102.5836,0.44
2026-02-10,Interest_Rate,0.05,-0.81
2026-02-10,Inflation_Rate,0.0301,-0.48
2026-02-10,Tech_Salary_Index,98.0142,-0.01
2026-02-10,Material_Cost_Index,102.4525,-0.88
2026-02-11,Interest_Rate,0.05,-0.1
2026-02-11,Inflation_Rate,0.0301,-0.49
2026-02-11,Tech_Salary_Index,98.6275,0.41
2026-02-11,Material_Cost_Index,102.2323,-0.47
2026-02-12,Interest_Rate,0.05,-0.75
2026-02-12,Inflation_Rate,0.0301,0.5
2026-02-12,Tech_Salary_Index,99.3926,-0.49
2026-02-12,Material_Cost_Index,102.5333,-0.51
2026-02-13,Interest_Rate,0.05,-0.01
2026-02-13,Inflation_Rate,0.0301,-0.83
2026-02-13,Tech_Salary_Index,99.7203,0.38
2026-02-13,Material_Cost_Index,102.8569,0.55
2026-02-14,Interest_Rate,0.05,0.56
2026-02-14,Inflation_Rate,0.0301,0.84
2026-02-14,Tech_Salary_Index,100.1737,0.71
2026-02-14,Material_Cost_Index,102.5678,0.26
2026-02-15,Interest_Rate,0.05,-0.1
2026-02-15,Inflation_Rate,0.0301,-0.54
2026-02-15,Tech_Salary_Index,99.5919,0.51
2026-02-15,Material_Cost_Index,103.0526,0.33
2026-02-16,Interest_Rate,0.05,0.76
2026-02-16,Inflation_Rate,0.0301,0.14
2026-02-16,Tech_Salary_Index,98.7378,-0.28
2026-02-16,Material_Cost_Index,103.8143,0.57
2026-02-17,Interest_Rate,0.05,-0.27
2026-02-17,Inflation_Rate,0.0301,0.2
2026-02-17,Tech_Salary_Index,97.777,0.31
2026-02-17,Material_Cost_Index,104.1932,-0.58
2026-02-18,Interest_Rate,0.05,-0.37
2026-02-18,Inflation_Rate,0.0301,-0.97
2026-02-18,Tech_Salary_Index,97.95,-0.64
2026-02-18,Material_Cost_Index,103.9138,0.47
2026-02-19,Interest_Rate,0.05,0.41
2026-02-19,Inflation_Rate,0.0301,0.98
2026-02-19,Tech_Salary_Index,98.4843,-0.21
2026-02-19,Material_Cost_Index,103.5148,0.13
2026-02-20,Interest_Rate,0.05,-0.5
2026-02-20,Inflation_Rate,0.0301,0.27
2026-02-20,Tech_Salary_Index,97.4693,-0.04
2026-02-20,Material_Cost_Index,104.1405,0.35
2026-02-21,Interest_Rate,0.05,-0.72
2026-02-21,Inflation_Rate,0.0301,0.22
2026-02-21,Tech_Salary_Index,97.5888,0.98
2026-02-21,Material_Cost_Index,103.7374,0.94
2026-02-22,Interest_Rate,0.05,-0.06
2026-02-22,Inflation_Rate,0.0301,-0.86
2026-02-22,Tech_Salary_Index,97.4782,-0.38
2026-02-22,Material_Cost_Index,103.3025,-0.75
2026-02-23,Interest_Rate,0.05,-0.7
2026-02-23,Inflation_Rate,0.0301,-0.76
2026-02-23,Tech_Salary_Index,97.4204,-0.32
2026-02-23,Material_Cost_Index,102.0491,0.3
2026-02-24,Interest_Rate,0.05,0.88
2026-02-24,Inflation_Rate,0.0301,0.28
2026-02-24,Tech_Salary_Index,97.5492,-0.81
2026-02-24,Material_Cost_Index,101.7437,-0.99
2026-02-25,Interest_Rate,0.05,-0.01
2026-02-25,Inflation_Rate,0.0301,-0.93
2026-02-25,Tech_Salary_Index,97.7614,0.97
2026-02-25,Material_Cost_Index,101.7394,0.24
2026-02-26,Interest_Rate,0.05,0.18
2026-02-26,Inflation_Rate,0.0301,0.84
2026-02-26,Tech_Salary_Index,97.891,-0.18
2026-02-26,Material_Cost_Index,101.7528,-0.07
2026-02-27,Interest_Rate,0.05,0.83
2026-02-27,Inflation_Rate,0.0301,0.75
2026-02-27,Tech_Salary_Index,98.8157,-0.72
2026-02-27,Material_Cost_Index,101.2442,-0.5
